Username,ID,answer_id,Post Date,question_id
89085731,23149,254852,2012-12-09 20:45:00,254824
89085731,23149,137041,2012-04-26 00:47:00,137033
89085731,23149,120843,2012-03-16 08:03:00,120767
89085731,23149,110569,2012-02-18 06:24:00,110564
89085731,23149,109486,2012-02-15 02:38:00,109483
89085731,23149,106678,2012-02-07 14:54:00,106668
89085731,23149,105328,2012-02-03 14:43:00,105209
Atvin,215617,2458792,2017-10-05 11:43:00,2458785
Atvin,215617,2458762,2017-10-05 11:06:00,2458755
Atvin,215617,2420477,2017-09-07 17:10:00,2420470
Atvin,215617,1599776,2016-01-04 16:18:00,1599764
Atvin,215617,1595213,2015-12-31 15:52:00,1595206
Atvin,215617,1593021,2015-12-29 18:43:00,1593019
Atvin,215617,1591426,2015-12-28 11:02:00,1591421
Atvin,215617,1587961,2015-12-24 17:42:00,1587953
Atvin,215617,1579830,2015-12-17 14:23:00,1579826
Atvin,215617,1579518,2015-12-17 08:01:00,1579510
Atvin,215617,1569066,2015-12-10 10:15:00,1569059
Atvin,215617,1558679,2015-12-03 20:38:00,1558674
Atvin,215617,1533580,2015-11-17 14:58:00,1533571
Atvin,215617,1533366,2015-11-17 11:50:00,1533356
Atvin,215617,1446754,2015-09-22 17:16:00,1446750
Atvin,215617,1437857,2015-09-16 11:11:00,1437849
Atvin,215617,1348535,2015-07-03 19:36:00,1348530
Atvin,215617,1348450,2015-07-03 18:25:00,1348444
Atvin,215617,1344945,2015-06-30 18:47:00,1344941
Atvin,215617,1342083,2015-06-28 13:05:00,1342082
Atvin,215617,1342078,2015-06-28 12:56:00,1342062
Atvin,215617,1336151,2015-06-23 12:19:00,1336143
Atvin,215617,1335295,2015-06-22 18:59:00,1335287
Atvin,215617,1330709,2015-06-18 20:36:00,1330687
Atvin,215617,1327957,2015-06-16 19:57:00,1327951
Atvin,215617,1319772,2015-06-10 10:33:00,1319767
Atvin,215617,1318985,2015-06-09 19:33:00,1318978
Atvin,215617,1318920,2015-06-09 18:43:00,1318880
Atvin,215617,1318761,2015-06-09 16:41:00,1318753
Atvin,215617,1318674,2015-06-09 15:41:00,1318627
Atvin,215617,1318545,2015-06-09 14:19:00,1318537
Atvin,215617,1314573,2015-06-06 14:39:00,1314566
Atvin,215617,1304329,2015-05-29 18:08:00,1304324
Atvin,215617,1302276,2015-05-28 09:43:00,1302271
Atvin,215617,1296688,2015-05-24 14:01:00,1296672
Atvin,215617,1296657,2015-05-24 13:31:00,1296649
Atvin,215617,1295893,2015-05-23 20:46:00,1295878
Atvin,215617,1295270,2015-05-23 11:33:00,1295252
Atvin,215617,1294711,2015-05-22 21:25:00,1294705
Atvin,215617,1292925,2015-05-21 16:21:00,1292919
Atvin,215617,1291402,2015-05-20 16:30:00,1291388
Atvin,215617,1287784,2015-05-18 11:40:00,1287765
Atvin,215617,1286951,2015-05-17 21:17:00,1286944
Atvin,215617,1286916,2015-05-17 20:52:00,1286904
Atvin,215617,1286900,2015-05-17 20:44:00,1286886
Atvin,215617,1286870,2015-05-17 20:25:00,1286862
Atvin,215617,1286857,2015-05-17 20:12:00,1286837
Atvin,215617,1286809,2015-05-17 19:34:00,1286800
Atvin,215617,1286757,2015-05-17 19:07:00,1286720
Atvin,215617,1285971,2015-05-17 07:33:00,1285965
Atvin,215617,1282487,2015-05-14 19:15:00,1282478
Atvin,215617,1280808,2015-05-13 19:23:00,1280776
Atvin,215617,1279292,2015-05-12 19:54:00,1279281
Atvin,215617,1279273,2015-05-12 19:41:00,1279270
Atvin,215617,1269878,2015-05-06 14:20:00,1269870
Atvin,215617,1246432,2015-04-22 10:44:00,1246426
Atvin,215617,1223746,2015-04-07 12:21:00,1223468
Atvin,215617,1218929,2015-04-03 17:25:00,1218925
Atvin,215617,1216350,2015-04-01 20:55:00,1216342
Atvin,215617,1216262,2015-04-01 19:45:00,1216253
Atvin,215617,1216217,2015-04-01 19:16:00,1216200
Atvin,215617,1216176,2015-04-01 18:49:00,1216171
Atvin,215617,1214612,2015-03-31 17:12:00,1214599
Atvin,215617,1214011,2015-03-31 07:03:00,1213988
Atvin,215617,1204813,2015-03-24 18:51:00,1204797
Atvin,215617,1196107,2015-03-18 21:13:00,1196090
Atvin,215617,1190953,2015-03-15 15:43:00,1190937
Bak1139,90230,1863120,2016-07-18 13:23:00,1861599
Bak1139,90230,1863110,2016-07-18 13:12:00,1862086
Bak1139,90230,1823405,2016-06-12 16:16:00,1817725
Bak1139,90230,1139230,2015-02-08 16:00:00,1084586
Bak1139,90230,1137648,2015-02-07 12:26:00,830609
Bak1139,90230,1127609,2015-01-31 12:36:00,562237
Bak1139,90230,1125442,2015-01-29 19:34:00,1125370
Bak1139,90230,1124926,2015-01-29 13:17:00,9075
Bak1139,90230,1098791,2015-01-10 12:03:00,162238
Bak1139,90230,1098771,2015-01-10 11:40:00,162221
Bak1139,90230,877865,2014-07-25 13:35:00,877589
Bak1139,90230,864561,2014-07-11 20:02:00,864551
Bak1139,90230,864543,2014-07-11 19:49:00,864530
Bak1139,90230,858814,2014-07-07 10:07:00,857320
Bak1139,90230,856990,2014-07-05 11:26:00,856817
Bak1139,90230,856983,2014-07-05 11:18:00,856960
Bak1139,90230,840293,2014-06-20 04:13:00,840144
Bak1139,90230,756218,2014-04-16 11:54:00,756194
Bak1139,90230,753751,2014-04-14 18:58:00,753739
Billie,48863,692718,2014-02-27 14:25:00,692692
Billie,48863,660441,2014-02-02 07:55:00,660437
Billie,48863,653342,2014-01-27 14:51:00,653319
Billie,48863,648767,2014-01-23 14:11:00,648652
Billie,48863,647260,2014-01-22 08:33:00,647245
Billie,48863,441545,2013-07-11 19:48:00,441481
Bozo Vulicevic,203608,1239631,2015-04-17 21:41:00,1196102
Bozo Vulicevic,203608,1192996,2015-03-16 21:54:00,1180667
Bozo Vulicevic,203608,1180702,2015-03-08 12:14:00,1180659
Bozo Vulicevic,203608,1087990,2015-01-02 00:05:00,1087934
Christian,190848,1485535,2015-10-18 08:07:00,1485518
Christian,190848,1484174,2015-10-17 07:51:00,1484172
Christian,190848,1342264,2015-06-28 15:47:00,1342259
Christian,190848,1299659,2015-05-26 15:29:00,1299652
Christian,190848,1286932,2015-05-17 21:03:00,1286924
Christian,190848,1166215,2015-02-26 09:35:00,1166192
Christian,190848,1110768,2015-01-19 17:12:00,1110758
Christian,190848,1101756,2015-01-12 20:34:00,1101723
Christian,190848,1072360,2014-12-17 19:14:00,1072356
Christian,190848,1044932,2014-11-30 12:49:00,1044917
Christian,190848,1042889,2014-11-28 21:51:00,1042854
Christian,190848,1035441,2014-11-23 19:05:00,1035436
Christian,190848,1012092,2014-11-08 15:54:00,1012078
CnR,73526,668661,2014-02-08 17:54:00,668258
Comic Book Guy,23874,2584850,2017-12-29 22:19:00,1053294
Comic Book Guy,23874,2582640,2017-12-28 04:51:00,133628
Comic Book Guy,23874,360829,2013-04-13 23:35:00,360801
Comic Book Guy,23874,308393,2013-02-19 20:08:00,308387
Comic Book Guy,23874,275629,2013-01-11 04:53:00,274617
Comic Book Guy,23874,231725,2012-11-06 22:38:00,231712
Comic Book Guy,23874,197710,2012-09-16 20:35:00,197688
Comic Book Guy,23874,178720,2012-08-04 09:20:00,178718
Comic Book Guy,23874,137599,2012-04-27 08:19:00,137556
Comic Book Guy,23874,137351,2012-04-26 18:28:00,137309
Comic Book Guy,23874,131988,2012-04-15 07:57:00,131939
Comic Book Guy,23874,130608,2012-04-11 20:57:00,130605
Comic Book Guy,23874,128535,2012-04-05 22:22:00,127351
Comic Book Guy,23874,127157,2012-04-02 08:04:00,127153
Comic Book Guy,23874,124975,2012-03-27 07:20:00,124969
Comic Book Guy,23874,124928,2012-03-27 02:18:00,124894
Comic Book Guy,23874,124335,2012-03-25 17:57:00,124292
Comic Book Guy,23874,119156,2012-03-12 05:26:00,119150
Comic Book Guy,23874,119018,2012-03-11 21:19:00,118666
Comic Book Guy,23874,118746,2012-03-11 01:53:00,118735
Comic Book Guy,23874,116556,2012-03-05 04:21:00,116539
Comic Book Guy,23874,116095,2012-03-03 20:31:00,116070
Comic Book Guy,23874,110433,2012-02-17 18:38:00,110417
Comic Book Guy,23874,108005,2012-02-11 01:51:00,108003
Comic Book Guy,23874,107376,2012-02-09 07:15:00,42934
Comic Book Guy,23874,107354,2012-02-09 05:27:00,107329
Comic Book Guy,23874,106408,2012-02-06 19:15:00,106404
DER,73606,1125180,2015-01-29 16:40:00,1117658
DER,73606,1109007,2015-01-18 12:48:00,1009922
DER,73606,830769,2014-06-11 16:57:00,829552
DER,73606,683656,2014-02-20 15:53:00,683605
DER,73606,676569,2014-02-14 17:32:00,676557
DER,73606,675223,2014-02-13 16:08:00,675174
DER,73606,530761,2013-10-18 08:19:00,499663
Elimination,160028,1640632,2016-02-04 17:32:00,1640586
Elimination,160028,1631789,2016-01-29 10:02:00,1631776
Elimination,160028,1622893,2016-01-22 20:36:00,1622546
Elimination,160028,923969,2014-09-08 17:27:00,923956
Elimination,160028,874758,2014-07-22 13:00:00,874755
Elimination,160028,859213,2014-07-07 16:34:00,859209
Elimination,160028,858757,2014-07-07 08:47:00,858751
George Apriashvili,155664,1080353,2014-12-25 05:01:00,1080345
George Apriashvili,155664,1035524,2014-11-23 19:56:00,1035360
Ian Murphy,181867,1136587,2015-02-06 15:55:00,1136581
Ian Murphy,181867,1003438,2014-11-03 00:51:00,1003434
Inquest,35001,683128,2014-02-20 05:16:00,683122
Inquest,35001,678059,2014-02-16 03:32:00,678056
Inquest,35001,677942,2014-02-16 01:05:00,677938
Inquest,35001,677887,2014-02-15 23:42:00,677884
Inquest,35001,677655,2014-02-15 18:55:00,677643
Inquest,35001,677628,2014-02-15 18:32:00,677620
Inquest,35001,677615,2014-02-15 18:21:00,677353
Inquest,35001,573369,2013-11-19 16:20:00,573351
Inquest,35001,484293,2013-09-04 20:44:00,484277
Inquest,35001,483483,2013-09-04 00:38:00,483481
Inquest,35001,478361,2013-08-28 18:11:00,478354
Inquest,35001,473084,2013-08-21 20:06:00,473075
Inquest,35001,473054,2013-08-21 19:24:00,473019
Inquest,35001,470747,2013-08-18 22:12:00,470742
Inquest,35001,467647,2013-08-14 18:17:00,467644
Inquest,35001,467645,2013-08-14 18:14:00,467602
Inquest,35001,466819,2013-08-13 18:58:00,466806
Inquest,35001,464498,2013-08-10 18:27:00,464476
Inquest,35001,443621,2013-07-14 20:19:00,443614
Inquest,35001,442307,2013-07-12 20:06:00,442240
Inquest,35001,441580,2013-07-11 20:46:00,441137
Inquest,35001,440795,2013-07-10 21:03:00,440791
Inquest,35001,438547,2013-07-08 01:01:00,438544
Inquest,35001,438543,2013-07-08 00:55:00,438528
Inquest,35001,436365,2013-07-04 20:44:00,436356
Inquest,35001,436269,2013-07-04 17:54:00,436262
Inquest,35001,436235,2013-07-04 17:02:00,436230
Inquest,35001,434008,2013-07-01 21:51:00,433856
Inquest,35001,425678,2013-06-20 19:43:00,425675
Inquest,35001,386750,2013-05-09 16:18:00,386377
Inquest,35001,385191,2013-05-08 04:43:00,385180
Inquest,35001,375798,2013-04-29 01:47:00,375792
Inquest,35001,362093,2013-04-15 06:42:00,362074
Inquest,35001,362059,2013-04-15 05:46:00,362043
Inquest,35001,361771,2013-04-14 23:48:00,361757
Inquest,35001,329982,2013-03-14 03:40:00,329972
Inquest,35001,321583,2013-03-05 16:39:00,317638
Inquest,35001,321580,2013-03-05 16:37:00,321550
Inquest,35001,321574,2013-03-05 16:32:00,321566
Inquest,35001,321489,2013-03-05 14:43:00,321476
Inquest,35001,319738,2013-03-03 19:49:00,319725
Inquest,35001,319415,2013-03-03 12:36:00,319398
Inquest,35001,319412,2013-03-03 12:29:00,319406
Inquest,35001,319105,2013-03-03 02:00:00,319089
Inquest,35001,318225,2013-03-01 21:53:00,318221
Inquest,35001,313431,2013-02-24 22:52:00,313426
Inquest,35001,313408,2013-02-24 22:20:00,313390
Inquest,35001,312413,2013-02-23 23:13:00,312401
Inquest,35001,312356,2013-02-23 21:57:00,312353
Inquest,35001,312324,2013-02-23 21:20:00,312319
Inquest,35001,311425,2013-02-22 18:57:00,311417
Inquest,35001,311419,2013-02-22 18:53:00,311407
Inquest,35001,311393,2013-02-22 18:29:00,311386
Inquest,35001,305321,2013-02-16 06:18:00,305318
Inquest,35001,305223,2013-02-16 00:47:00,305220
Inquest,35001,305203,2013-02-16 00:06:00,305195
Inquest,35001,301967,2013-02-13 07:26:00,301963
Inquest,35001,301951,2013-02-13 06:49:00,301948
Inquest,35001,300865,2013-02-12 03:31:00,300859
Inquest,35001,300695,2013-02-11 23:34:00,300677
Inquest,35001,299819,2013-02-10 23:54:00,299813
Inquest,35001,299636,2013-02-10 19:47:00,299629
Inquest,35001,299625,2013-02-10 19:34:00,299622
Inquest,35001,298365,2013-02-08 22:24:00,298324
Inquest,35001,297817,2013-02-08 06:17:00,297812
Inquest,35001,295277,2013-02-05 08:20:00,295268
Inquest,35001,295222,2013-02-05 06:58:00,295209
Inquest,35001,293811,2013-02-03 18:05:00,293795
Inquest,35001,293777,2013-02-03 17:25:00,293765
Inquest,35001,293119,2013-02-02 21:21:00,293099
Inquest,35001,293057,2013-02-02 20:21:00,293042
Inquest,35001,293048,2013-02-02 20:09:00,293024
Inquest,35001,292630,2013-02-02 06:19:00,292623
Inquest,35001,291719,2013-01-31 22:11:00,291711
Inquest,35001,291708,2013-01-31 22:01:00,291687
Inquest,35001,279847,2013-01-16 05:23:00,279838
Inquest,35001,276761,2013-01-13 06:02:00,276752
Inquest,35001,258025,2012-12-13 16:31:00,258008
Inquest,35001,257331,2012-12-12 19:14:00,257303
Inquest,35001,255186,2012-12-10 05:09:00,255163
Inquest,35001,254664,2012-12-09 16:40:00,254660
Inquest,35001,254332,2012-12-09 06:58:00,254329
Inquest,35001,251239,2012-12-05 03:29:00,251229
Inquest,35001,250475,2012-12-04 04:45:00,250457
Inquest,35001,249335,2012-12-02 18:07:00,249313
Inquest,35001,248908,2012-12-02 00:14:00,248906
Inquest,35001,248682,2012-12-01 17:15:00,248655
Inquest,35001,248323,2012-11-30 22:50:00,247925
Inquest,35001,246883,2012-11-28 23:03:00,246881
Inquest,35001,246611,2012-11-28 16:49:00,246606
Inquest,35001,246563,2012-11-28 16:08:00,246556
Inquest,35001,245272,2012-11-26 22:08:00,244875
Inquest,35001,244024,2012-11-25 00:25:00,244016
Inquest,35001,243778,2012-11-24 15:50:00,243770
Inquest,35001,243460,2012-11-23 22:57:00,243457
Inquest,35001,239374,2012-11-17 17:54:00,239350
Inquest,35001,234375,2012-11-10 19:43:00,234371
Inquest,35001,222888,2012-10-28 17:53:00,222886
Inquest,35001,222409,2012-10-28 01:57:00,222404
Inquest,35001,215859,2012-10-17 19:45:00,215853
Inquest,35001,215851,2012-10-17 19:34:00,215789
Inquest,35001,214957,2012-10-16 16:34:00,214949
Inquest,35001,214368,2012-10-15 18:35:00,214363
Inquest,35001,173390,2012-07-20 21:09:00,173387
Inquest,35001,171605,2012-07-16 17:56:00,171600
Inquest,35001,168202,2012-07-08 11:10:00,168195
Inquest,35001,164105,2012-06-28 09:29:00,164099
Inquest,35001,163833,2012-06-27 17:57:00,163829
Inquest,35001,155123,2012-06-07 13:44:00,155116
Inquest,35001,151291,2012-05-29 20:25:00,151289
Inquest,35001,149063,2012-05-24 03:08:00,149023
Inquest,35001,148957,2012-05-23 20:15:00,148945
Inquest,35001,148827,2012-05-23 16:03:00,148807
Inquest,35001,148686,2012-05-23 10:58:00,148679
Inquest,35001,148593,2012-05-23 05:32:00,148591
Inquest,35001,147369,2012-05-20 13:29:00,147314
Inquest,35001,146819,2012-05-18 20:07:00,146808
Inquest,35001,146193,2012-05-17 07:57:00,146098
Inquest,35001,136760,2012-04-25 12:03:00,136716
Inquest,35001,128066,2012-04-04 17:05:00,128061
Inquest,35001,125403,2012-03-28 10:37:00,125393
Inquest,35001,124712,2012-03-26 16:05:00,124704
Inquest,35001,124649,2012-03-26 13:11:00,124528
Inquest,35001,124353,2012-03-25 18:58:00,123510
Inquest,35001,123892,2012-03-24 10:56:00,123761
Inquest,35001,120933,2012-03-16 14:16:00,120924
Inquest,35001,119696,2012-03-13 14:48:00,119658
Inquest,35001,119599,2012-03-13 06:49:00,119589
Inquest,35001,119283,2012-03-12 14:21:00,119174
Inquest,35001,119277,2012-03-12 14:01:00,119270
Inquest,35001,119272,2012-03-12 13:41:00,119184
Inquest,35001,118572,2012-03-10 14:27:00,118559
Inquest,35001,118561,2012-03-10 14:05:00,118556
Inquest,35001,118542,2012-03-10 13:17:00,118523
Inquest,35001,118120,2012-03-09 05:13:00,118117
Inquest,35001,117859,2012-03-08 09:22:00,117855
Inquest,35001,116734,2012-03-05 16:24:00,116717
Inquest,35001,115950,2012-03-03 14:00:00,115947
Inquest,35001,112873,2012-02-24 14:07:00,112865
Inquest,35001,112079,2012-02-22 16:56:00,112076
Inquest,35001,111655,2012-02-21 13:27:00,111653
Inquest,35001,111295,2012-02-20 14:38:00,111293
Inquest,35001,111229,2012-02-20 08:47:00,111224
Inquest,35001,110911,2012-02-19 12:26:00,110899
Inquest,35001,110578,2012-02-18 06:46:00,110506
Inquest,35001,110285,2012-02-17 07:15:00,110278
Inquest,35001,110053,2012-02-16 17:03:00,110041
Inquest,35001,109753,2012-02-15 20:57:00,109747
Inquest,35001,109721,2012-02-15 19:37:00,109554
Inquest,35001,109257,2012-02-14 13:03:00,109252
Inquest,35001,109222,2012-02-14 10:12:00,109181
Inquest,35001,108057,2012-02-11 06:43:00,103784
Inquest,35001,107828,2012-02-10 14:42:00,107819
Inquest,35001,107486,2012-02-09 15:53:00,107481
Inquest,35001,105959,2012-02-05 12:19:00,105955
Inquest,35001,105941,2012-02-05 10:39:00,105937
Inquest,35001,105900,2012-02-05 07:39:00,105893
Inquest,35001,105787,2012-02-04 21:44:00,105643
Inquest,35001,105774,2012-02-04 21:00:00,105770
Inquest,35001,100980,2012-01-21 12:22:00,100961
Jiew Meng,2006,565244,2013-11-13 10:59:00,549754
Jiew Meng,2006,543956,2013-10-29 09:30:00,542780
Jiew Meng,2006,535137,2013-10-22 00:27:00,535136
Jiew Meng,2006,523534,2013-10-12 13:50:00,523521
Jiew Meng,2006,523514,2013-10-12 13:22:00,523508
John,104867,650978,2014-01-25 15:23:00,650975
John,104867,643055,2014-01-18 21:37:00,642846
John,104867,640236,2014-01-16 08:54:00,640204
John,104867,637471,2014-01-13 22:47:00,637460
John,104867,636724,2014-01-13 09:47:00,636703
John,104867,634714,2014-01-11 14:25:00,634629
John,104867,633539,2014-01-10 09:44:00,633522
John,104867,633136,2014-01-09 22:45:00,633100
John,104867,632438,2014-01-09 11:34:00,632357
John,104867,630455,2014-01-07 17:57:00,630450
John,104867,625058,2014-01-02 16:43:00,625041
John,104867,625046,2014-01-02 16:37:00,625037
John,104867,624954,2014-01-02 15:15:00,624155
John,104867,624905,2014-01-02 14:06:00,624898
John,104867,624885,2014-01-02 13:46:00,624872
John,104867,624774,2014-01-02 10:32:00,624713
John,104867,624329,2014-01-01 22:01:00,624206
John,104867,620358,2013-12-28 11:33:00,620320
John,104867,618037,2013-12-25 14:20:00,618033
John,104867,617214,2013-12-24 09:43:00,616806
John,104867,613248,2013-12-19 19:13:00,613239
John,104867,608159,2013-12-15 18:59:00,608084
John,104867,608022,2013-12-15 17:05:00,608013
John,104867,607982,2013-12-15 16:34:00,607969
John,104867,607524,2013-12-15 07:48:00,607514
John,104867,604440,2013-12-12 17:39:00,604434
John,104867,604336,2013-12-12 16:13:00,604320
John,104867,603000,2013-12-11 16:43:00,602964
John,104867,565834,2013-11-13 19:57:00,565808
John,104867,565778,2013-11-13 19:12:00,565773
John,104867,549986,2013-11-03 10:31:00,549978
Mark,24958,4555181,2022-10-17 18:22:00,4138984
Mark,24958,3093549,2019-01-30 13:51:00,3093466
Mark,24958,2990094,2018-11-08 15:09:00,2989004
Mark,24958,2480097,2017-10-19 14:37:00,2480068
Mark,24958,2480075,2017-10-19 14:20:00,2480039
Mark,24958,2479721,2017-10-19 08:30:00,2479680
Mark,24958,1617956,2016-01-19 09:21:00,1617947
Mark,24958,1412591,2015-08-28 13:07:00,1412589
Mark,24958,1407627,2015-08-24 06:25:00,1407614
Mark,24958,1405000,2015-08-21 14:49:00,1404800
Mark,24958,1396739,2015-08-14 06:42:00,1395613
Mark,24958,1362918,2015-07-16 05:45:00,1362913
Mark,24958,1362911,2015-07-16 05:35:00,1362757
Mark,24958,1362887,2015-07-16 05:09:00,1362874
Mark,24958,1344994,2015-06-30 19:35:00,1344984
Mark,24958,1344378,2015-06-30 10:15:00,1344314
Mark,24958,1343053,2015-06-29 08:39:00,1343049
Mark,24958,1327100,2015-06-16 05:24:00,1327099
Mark,24958,1325825,2015-06-15 06:44:00,1325749
Mark,24958,1323663,2015-06-13 11:12:00,1323652
Mark,24958,1319687,2015-06-10 09:06:00,1319685
Mark,24958,1319542,2015-06-10 05:33:00,1316768
Mark,24958,1319538,2015-06-10 05:27:00,1316890
Mark,24958,1319534,2015-06-10 05:20:00,1317080
Mark,24958,1252393,2015-04-26 09:09:00,1252389
Mark,24958,1235839,2015-04-15 13:19:00,1204850
Mark,24958,1235837,2015-04-15 13:16:00,1213448
Mark,24958,1235835,2015-04-15 13:14:00,1220061
Mark,24958,1235826,2015-04-15 13:10:00,1231404
Mark,24958,1235816,2015-04-15 12:59:00,1235759
Mark,24958,1233317,2015-04-13 19:28:00,1233254
Mark,24958,1233303,2015-04-13 19:17:00,1233299
Mark,24958,1230392,2015-04-11 19:22:00,1230378
Mark,24958,1229948,2015-04-11 13:08:00,1229923
Mark,24958,1228810,2015-04-10 16:32:00,1228795
Mark,24958,1224420,2015-04-07 19:39:00,1224400
Mark,24958,1224133,2015-04-07 16:34:00,69082
Mark,24958,1224077,2015-04-07 16:05:00,1224071
Mark,24958,1223755,2015-04-07 12:27:00,1223750
Mark,24958,1222735,2015-04-06 18:25:00,1222712
Mark,24958,1215934,2015-04-01 15:08:00,1215919
Mark,24958,1213490,2015-03-30 21:16:00,1213487
Mark,24958,1211160,2015-03-29 08:51:00,1211151
Mark,24958,1205784,2015-03-25 10:39:00,1205764
Mark,24958,1201255,2015-03-22 17:09:00,1201245
Mark,24958,1035554,2014-11-23 20:19:00,1035538
Mark,24958,1035532,2014-11-23 20:02:00,1035521
Mark,24958,1035523,2014-11-23 19:56:00,1035518
Mark,24958,1035313,2014-11-23 17:32:00,1035308
Mark,24958,1034979,2014-11-23 12:38:00,1034970
Mark,24958,1034118,2014-11-22 20:35:00,1034102
Mark,24958,1033865,2014-11-22 16:53:00,1033857
Mark,24958,1003269,2014-11-02 22:14:00,1003221
Mark,24958,934788,2014-09-17 09:01:00,502160
Mark,24958,875115,2014-07-22 19:50:00,874989
Mark,24958,873312,2014-07-21 06:25:00,873303
Mark,24958,872983,2014-07-20 21:48:00,872898
Mark,24958,872544,2014-07-20 12:27:00,872493
Mark,24958,800603,2014-05-18 17:42:00,800588
Mark,24958,776726,2014-05-01 07:19:00,776707
Mark,24958,669778,2014-02-09 18:06:00,669678
Mark,24958,669750,2014-02-09 17:36:00,669744
Mark,24958,668745,2014-02-08 19:15:00,668728
Mark,24958,660487,2014-02-02 09:04:00,660431
Mark,24958,645555,2014-01-20 22:45:00,645466
Mark,24958,602799,2013-12-11 14:05:00,602738
Mark,24958,598659,2013-12-08 20:46:00,598635
Mark,24958,596617,2013-12-07 08:54:00,594790
Mark,24958,596611,2013-12-07 08:45:00,596208
Mark,24958,571092,2013-11-17 23:04:00,571073
Mark,24958,570957,2013-11-17 21:03:00,570458
Mark,24958,202458,2012-09-25 21:35:00,202404
Mark,24958,202245,2012-09-25 15:37:00,202236
Mark,24958,191311,2012-09-05 08:27:00,191307
Mark,24958,167888,2012-07-07 15:43:00,167885
Mark,24958,167866,2012-07-07 14:52:00,167862
Mark,24958,167046,2012-07-05 14:21:00,167037
Mark,24958,155591,2012-06-08 11:56:00,155561
Mark,24958,154728,2012-06-06 15:45:00,139272
Mark,24958,154718,2012-06-06 15:26:00,148075
Mark,24958,140075,2012-05-02 20:24:00,139875
Mark,24958,129568,2012-04-09 07:33:00,129547
Mark,24958,122055,2012-03-19 12:33:00,122041
Mark,24958,120875,2012-03-16 10:48:00,120867
Mark,24958,118205,2012-03-09 11:48:00,117629
N3buchadnezzar,18908,3624852,2020-04-14 09:57:00,3624816
N3buchadnezzar,18908,3559762,2020-02-25 14:54:00,3559701
N3buchadnezzar,18908,3508412,2020-01-14 07:46:00,3508022
N3buchadnezzar,18908,3506532,2020-01-12 17:39:00,3506506
N3buchadnezzar,18908,3506515,2020-01-12 17:26:00,3506511
N3buchadnezzar,18908,3454599,2019-11-28 14:43:00,3454374
N3buchadnezzar,18908,3445550,2019-11-21 19:24:00,3445541
N3buchadnezzar,18908,2285497,2017-05-17 19:25:00,2284981
N3buchadnezzar,18908,2280597,2017-05-14 14:46:00,2280203
N3buchadnezzar,18908,2269878,2017-05-07 13:34:00,2269837
N3buchadnezzar,18908,2269107,2017-05-06 21:54:00,2269067
N3buchadnezzar,18908,2260357,2017-05-01 12:20:00,2260332
N3buchadnezzar,18908,2244832,2017-04-21 10:48:00,2244600
N3buchadnezzar,18908,2232090,2017-04-13 09:39:00,2232045
N3buchadnezzar,18908,2068520,2016-12-22 14:03:00,2068518
N3buchadnezzar,18908,1548751,2015-11-27 15:01:00,1548700
N3buchadnezzar,18908,1545178,2015-11-25 00:48:00,1545095
N3buchadnezzar,18908,1541644,2015-11-22 19:59:00,1541587
N3buchadnezzar,18908,1512736,2015-11-04 12:33:00,1512625
N3buchadnezzar,18908,1512684,2015-11-04 11:31:00,1511717
N3buchadnezzar,18908,1305428,2015-05-30 15:47:00,1304167
N3buchadnezzar,18908,1267731,2015-05-05 06:55:00,1267635
N3buchadnezzar,18908,1249611,2015-04-24 08:50:00,1249478
N3buchadnezzar,18908,1227094,2015-04-09 15:14:00,1227058
N3buchadnezzar,18908,1201988,2015-03-23 02:17:00,1201307
N3buchadnezzar,18908,1201653,2015-03-22 21:26:00,1201506
N3buchadnezzar,18908,1190991,2015-03-15 16:12:00,1190927
N3buchadnezzar,18908,1180900,2015-03-08 15:36:00,1180860
N3buchadnezzar,18908,1178330,2015-03-06 15:10:00,1178305
N3buchadnezzar,18908,1081703,2014-12-26 19:21:00,1081516
N3buchadnezzar,18908,1072769,2014-12-18 00:55:00,1072716
N3buchadnezzar,18908,1063528,2014-12-11 15:32:00,765198
N3buchadnezzar,18908,1052769,2014-12-05 09:05:00,1052492
N3buchadnezzar,18908,1044368,2014-11-30 00:36:00,1043586
N3buchadnezzar,18908,1040146,2014-11-26 20:22:00,1040128
N3buchadnezzar,18908,1034993,2014-11-23 12:54:00,1034156
N3buchadnezzar,18908,1027564,2014-11-18 13:27:00,1027524
N3buchadnezzar,18908,1027149,2014-11-18 04:41:00,1027106
N3buchadnezzar,18908,1024800,2014-11-16 20:30:00,1024379
N3buchadnezzar,18908,1017413,2014-11-11 20:36:00,1017358
N3buchadnezzar,18908,885882,2014-08-02 22:59:00,761066
N3buchadnezzar,18908,872781,2014-07-20 17:38:00,872758
N3buchadnezzar,18908,816049,2014-05-31 14:10:00,815650
N3buchadnezzar,18908,805785,2014-05-22 19:32:00,805677
N3buchadnezzar,18908,804701,2014-05-21 22:52:00,804681
N3buchadnezzar,18908,796204,2014-05-15 18:08:00,796166
N3buchadnezzar,18908,793350,2014-05-13 16:23:00,793325
N3buchadnezzar,18908,779039,2014-05-03 00:10:00,37229
N3buchadnezzar,18908,741953,2014-04-06 10:35:00,741933
N3buchadnezzar,18908,691064,2014-02-26 10:55:00,70974
N3buchadnezzar,18908,641786,2014-01-17 16:09:00,641778
N3buchadnezzar,18908,640565,2014-01-16 15:22:00,640560
N3buchadnezzar,18908,632550,2014-01-09 13:46:00,632530
N3buchadnezzar,18908,631954,2014-01-08 23:16:00,440183
N3buchadnezzar,18908,605836,2013-12-13 19:53:00,605673
N3buchadnezzar,18908,577357,2013-11-22 16:51:00,577235
N3buchadnezzar,18908,564147,2013-11-12 17:10:00,562538
N3buchadnezzar,18908,475376,2013-08-24 21:59:00,474934
N3buchadnezzar,18908,475001,2013-08-24 11:51:00,474969
N3buchadnezzar,18908,464355,2013-08-10 15:16:00,464181
N3buchadnezzar,18908,456620,2013-07-31 18:28:00,455147
N3buchadnezzar,18908,424831,2013-06-19 20:04:00,424659
N3buchadnezzar,18908,304246,2013-02-14 19:52:00,304235
N3buchadnezzar,18908,227444,2012-11-02 10:06:00,227439
N3buchadnezzar,18908,211498,2012-10-12 06:35:00,211490
N3buchadnezzar,18908,162818,2012-06-25 12:30:00,162783
N3buchadnezzar,18908,129312,2012-04-08 13:53:00,129295
N3buchadnezzar,18908,116740,2012-03-05 16:42:00,116686
N3buchadnezzar,18908,105109,2012-02-02 21:44:00,105017
N3buchadnezzar,18908,101176,2012-01-21 23:31:00,101112
N3buchadnezzar,18908,99419,2012-01-16 00:16:00,99406
N3buchadnezzar,18908,99414,2012-01-15 23:54:00,99406
Nikolaj-K,18993,4895608,2024-04-08 21:43:00,4892157
Nikolaj-K,18993,4893994,2024-04-05 23:24:00,447098
Nikolaj-K,18993,4831812,2023-12-21 22:01:00,3606927
Nikolaj-K,18993,4829492,2023-12-17 23:59:00,4819159
Nikolaj-K,18993,4775389,2023-09-25 17:41:00,3722958
Nikolaj-K,18993,4774733,2023-09-24 14:30:00,4368871
Nikolaj-K,18993,4731101,2023-07-05 17:48:00,4731017
Nikolaj-K,18993,4542800,2022-10-01 06:31:00,4542796
Nikolaj-K,18993,4450847,2022-05-15 09:53:00,4450791
Nikolaj-K,18993,4349570,2022-01-05 18:43:00,4349182
Nikolaj-K,18993,4278672,2021-10-16 21:24:00,4002953
Nikolaj-K,18993,4240306,2021-09-02 17:50:00,4240270
Nikolaj-K,18993,4228573,2021-08-19 22:05:00,4228533
Nikolaj-K,18993,3945111,2020-12-12 01:22:00,3945089
Nikolaj-K,18993,3321913,2019-08-13 10:08:00,3321773
Nikolaj-K,18993,3321032,2019-08-12 13:29:00,3319950
Nikolaj-K,18993,3299528,2019-07-21 13:32:00,3299509
Nikolaj-K,18993,3222143,2019-05-11 13:55:00,3222098
Nikolaj-K,18993,3211563,2019-05-02 22:00:00,3211549
Nikolaj-K,18993,3144822,2019-03-12 08:22:00,3144813
Nikolaj-K,18993,3130779,2019-02-28 22:40:00,3130467
Nikolaj-K,18993,3098760,2019-02-03 16:42:00,3096557
Nikolaj-K,18993,3098440,2019-02-03 11:03:00,3095310
Nikolaj-K,18993,3098390,2019-02-03 10:16:00,3098363
Nikolaj-K,18993,2820146,2018-06-15 00:12:00,2820115
Nikolaj-K,18993,2700177,2018-03-20 12:12:00,2700166
Nikolaj-K,18993,2296610,2017-05-25 17:42:00,2296602
Nikolaj-K,18993,2296201,2017-05-25 12:46:00,2296161
Nikolaj-K,18993,2295600,2017-05-24 23:52:00,2292544
Nikolaj-K,18993,2295472,2017-05-24 21:23:00,2295449
Nikolaj-K,18993,2231002,2017-04-12 17:02:00,2230982
Nikolaj-K,18993,1806339,2016-05-30 23:17:00,1806153
Nikolaj-K,18993,1697513,2016-03-14 19:22:00,60045
Nikolaj-K,18993,1610197,2016-01-13 01:48:00,1610106
Nikolaj-K,18993,1560962,2015-12-05 14:17:00,1560921
Nikolaj-K,18993,1528012,2015-11-14 02:18:00,454689
Nikolaj-K,18993,1381896,2015-08-02 10:18:00,1225949
Nikolaj-K,18993,1378983,2015-07-30 10:10:00,1378980
Nikolaj-K,18993,1377808,2015-07-29 09:39:00,1377786
Nikolaj-K,18993,1354866,2015-07-09 08:34:00,1354476
Nikolaj-K,18993,1354858,2015-07-09 08:13:00,1354044
Nikolaj-K,18993,1351533,2015-07-06 16:37:00,1351488
Nikolaj-K,18993,1338576,2015-06-25 08:02:00,1338526
Nikolaj-K,18993,1333119,2015-06-20 21:57:00,1333100
Nikolaj-K,18993,1332159,2015-06-20 01:40:00,1327812
Nikolaj-K,18993,1330160,2015-06-18 13:27:00,1330111
Nikolaj-K,18993,1290963,2015-05-20 11:18:00,1290950
Nikolaj-K,18993,1246443,2015-04-22 10:52:00,1246423
Nikolaj-K,18993,1226937,2015-04-09 13:21:00,1224531
Nikolaj-K,18993,1178891,2015-03-06 23:04:00,1178887
Nikolaj-K,18993,1166487,2015-02-26 14:30:00,1166457
Nikolaj-K,18993,1162980,2015-02-24 09:14:00,1162967
Nikolaj-K,18993,1156686,2015-02-19 21:35:00,1156678
Nikolaj-K,18993,1140774,2015-02-09 15:54:00,1140754
Nikolaj-K,18993,1130707,2015-02-02 18:33:00,1130636
Nikolaj-K,18993,1115157,2015-01-22 15:32:00,1115135
Nikolaj-K,18993,1114037,2015-01-21 20:07:00,1113950
Nikolaj-K,18993,1112199,2015-01-20 16:12:00,1112140
Nikolaj-K,18993,1105343,2015-01-15 13:42:00,1105332
Nikolaj-K,18993,1102886,2015-01-13 17:28:00,1102819
Nikolaj-K,18993,1102603,2015-01-13 13:39:00,460579
Nikolaj-K,18993,1102349,2015-01-13 09:32:00,502160
Nikolaj-K,18993,1087233,2015-01-01 04:13:00,1087205
Nikolaj-K,18993,1073655,2014-12-18 18:28:00,1073649
Nikolaj-K,18993,1070887,2014-12-16 18:05:00,1070880
Nikolaj-K,18993,1055574,2014-12-07 11:38:00,1055538
Nikolaj-K,18993,1052846,2014-12-05 11:01:00,1052571
Nikolaj-K,18993,1038137,2014-11-25 13:03:00,1038124
Nikolaj-K,18993,992491,2014-10-26 22:01:00,992378
Nikolaj-K,18993,946234,2014-09-25 22:35:00,946219
Nikolaj-K,18993,941670,2014-09-22 14:54:00,941617
Nikolaj-K,18993,905976,2014-08-22 12:24:00,902296
Nikolaj-K,18993,849665,2014-06-27 17:48:00,849597
Nikolaj-K,18993,838376,2014-06-18 11:42:00,836886
Nikolaj-K,18993,718103,2014-03-19 10:09:00,717107
Nikolaj-K,18993,693334,2014-02-27 23:34:00,693113
Nikolaj-K,18993,691134,2014-02-26 12:14:00,691094
Nikolaj-K,18993,688903,2014-02-24 19:18:00,688894
Nikolaj-K,18993,682780,2014-02-19 23:09:00,682762
Nikolaj-K,18993,605612,2013-12-13 16:24:00,605605
Nikolaj-K,18993,539286,2013-10-25 13:30:00,539278
Nikolaj-K,18993,536312,2013-10-22 21:05:00,536311
Nikolaj-K,18993,532449,2013-10-19 19:32:00,532401
Nikolaj-K,18993,530890,2013-10-18 11:43:00,530871
Nikolaj-K,18993,518693,2013-10-08 08:36:00,518683
Nikolaj-K,18993,498482,2013-09-19 10:53:00,498457
Nikolaj-K,18993,473489,2013-08-22 11:10:00,473472
Nikolaj-K,18993,472237,2013-08-20 18:45:00,472204
Nikolaj-K,18993,472026,2013-08-20 13:42:00,471946
Nikolaj-K,18993,452648,2013-07-26 10:01:00,452635
Nikolaj-K,18993,451078,2013-07-24 14:19:00,438169
Nikolaj-K,18993,449414,2013-07-22 12:12:00,449066
Nikolaj-K,18993,438535,2013-07-08 00:40:00,438477
Nikolaj-K,18993,430614,2013-06-27 07:48:00,430604
Nikolaj-K,18993,420486,2013-06-14 18:30:00,420468
Nikolaj-K,18993,412395,2013-06-05 20:55:00,107931
Nikolaj-K,18993,411841,2013-06-05 10:00:00,411837
Nikolaj-K,18993,410957,2013-06-04 12:27:00,410896
Nikolaj-K,18993,400999,2013-05-24 07:50:00,400961
Nikolaj-K,18993,393564,2013-05-16 14:27:00,393558
Nikolaj-K,18993,393486,2013-05-16 12:37:00,393456
Nikolaj-K,18993,388412,2013-05-11 12:19:00,388401
Nikolaj-K,18993,384383,2013-05-07 11:51:00,13067
Nikolaj-K,18993,350384,2013-04-03 18:55:00,46635
Nikolaj-K,18993,339516,2013-03-24 11:05:00,254282
Nikolaj-K,18993,328553,2013-03-12 16:02:00,328446
Nikolaj-K,18993,323421,2013-03-07 09:17:00,323407
Nikolaj-K,18993,322837,2013-03-06 18:43:00,322811
Nikolaj-K,18993,295338,2013-02-05 10:42:00,295310
Nikolaj-K,18993,285679,2013-01-24 08:37:00,285674
Nikolaj-K,18993,284123,2013-01-22 09:46:00,284119
Nikolaj-K,18993,280747,2013-01-17 14:34:00,280735
Nikolaj-K,18993,280721,2013-01-17 13:23:00,280717
Nikolaj-K,18993,279541,2013-01-15 20:51:00,279540
Nikolaj-K,18993,278527,2013-01-14 12:44:00,278526
Nikolaj-K,18993,243395,2012-11-23 20:47:00,243379
Nikolaj-K,18993,242670,2012-11-22 16:02:00,242662
Nikolaj-K,18993,236383,2012-11-13 11:31:00,236379
Nikolaj-K,18993,222412,2012-10-28 02:01:00,222331
Nikolaj-K,18993,221557,2012-10-26 14:43:00,221523
Nikolaj-K,18993,183180,2012-08-16 11:26:00,183179
Nikolaj-K,18993,180231,2012-08-08 10:02:00,180185
Nikolaj-K,18993,177306,2012-07-31 19:59:00,176901
Nikolaj-K,18993,174324,2012-07-23 18:07:00,174323
Nikolaj-K,18993,174224,2012-07-23 13:19:00,174219
Nikolaj-K,18993,163498,2012-06-26 21:13:00,92131
Nikolaj-K,18993,158226,2012-06-14 12:23:00,158219
Nikolaj-K,18993,146801,2012-05-18 19:29:00,146797
Nikolaj-K,18993,143651,2012-05-10 20:10:00,143645
Nikolaj-K,18993,115694,2012-03-02 15:02:00,115690
Nikolaj-K,18993,108826,2012-02-13 09:18:00,108824
Nikolaj-K,18993,107845,2012-02-10 16:00:00,107842
Nikolaj-K,18993,107118,2012-02-08 16:36:00,107101
Nikolaj-K,18993,106087,2012-02-05 20:57:00,106070
Nikolaj-K,18993,103579,2012-01-29 14:03:00,103576
Nikolaj-K,18993,100908,2012-01-21 01:30:00,93239
Nikolaj-K,18993,97573,2012-01-09 08:38:00,97564
Nikolaj-K,18993,96643,2012-01-05 12:46:00,96620
Nikolaj-K,18993,96142,2012-01-03 18:24:00,96125
Nikolaj-K,18993,90032,2011-12-09 22:01:00,88938
Oria Gruber,76802,4622225,2023-01-20 09:30:00,4622216
Oria Gruber,76802,4577098,2022-11-15 11:23:00,4565646
Oria Gruber,76802,3269071,2019-06-20 21:03:00,3268768
Oria Gruber,76802,3204919,2019-04-27 21:07:00,3204345
Oria Gruber,76802,3081559,2019-01-21 05:55:00,3080819
Oria Gruber,76802,3079263,2019-01-19 11:37:00,3079178
Oria Gruber,76802,3078864,2019-01-18 23:24:00,3078801
Oria Gruber,76802,3059722,2019-01-02 17:17:00,3058990
Oria Gruber,76802,3056269,2018-12-29 21:10:00,3056190
Oria Gruber,76802,3050447,2018-12-23 16:05:00,1613480
Oria Gruber,76802,2822420,2018-06-17 09:03:00,2822415
Oria Gruber,76802,2822387,2018-06-17 08:06:00,2822356
Oria Gruber,76802,2689154,2018-03-13 10:36:00,2689126
Oria Gruber,76802,2687277,2018-03-12 02:17:00,2687238
Oria Gruber,76802,2675556,2018-03-03 23:30:00,2675545
Oria Gruber,76802,2629340,2018-01-31 08:33:00,2628048
Oria Gruber,76802,2619265,2018-01-24 15:35:00,2619250
Oria Gruber,76802,2595571,2018-01-07 13:49:00,2595558
Oria Gruber,76802,2571874,2017-12-18 15:39:00,2571829
Oria Gruber,76802,2563275,2017-12-12 14:13:00,2563273
Oria Gruber,76802,2562924,2017-12-12 08:28:00,2562912
Oria Gruber,76802,2516798,2017-11-12 15:43:00,2516772
Oria Gruber,76802,2501259,2017-11-02 12:14:00,2501256
Oria Gruber,76802,2481666,2017-10-20 16:11:00,2481661
Oria Gruber,76802,2474892,2017-10-16 10:28:00,2474848
Oria Gruber,76802,2452563,2017-10-01 08:12:00,2448828
Oria Gruber,76802,2434795,2017-09-18 17:01:00,2434747
Oria Gruber,76802,2339502,2017-06-28 15:10:00,2339495
Oria Gruber,76802,1651821,2016-02-12 10:42:00,1638021
Oria Gruber,76802,1475121,2015-10-11 18:10:00,1475120
Oria Gruber,76802,1475099,2015-10-11 17:55:00,1475088
Oria Gruber,76802,1471830,2015-10-09 12:10:00,1471824
Oria Gruber,76802,1471822,2015-10-09 11:58:00,1471815
Oria Gruber,76802,1471788,2015-10-09 11:30:00,1471774
Oria Gruber,76802,1463113,2015-10-03 23:07:00,1463099
Oria Gruber,76802,1462957,2015-10-03 20:24:00,1462955
Oria Gruber,76802,1462953,2015-10-03 20:18:00,1462915
Oria Gruber,76802,1462933,2015-10-03 20:03:00,1462924
Oria Gruber,76802,1458676,2015-09-30 21:22:00,1458673
Oria Gruber,76802,1458670,2015-09-30 21:17:00,1458453
Oria Gruber,76802,1458648,2015-09-30 21:00:00,1458636
Oria Gruber,76802,1458524,2015-09-30 19:27:00,1458516
Oria Gruber,76802,1456952,2015-09-29 20:16:00,1456943
Oria Gruber,76802,1448679,2015-09-23 21:29:00,1448676
Oria Gruber,76802,1448535,2015-09-23 19:31:00,1448518
Oria Gruber,76802,1438775,2015-09-16 23:32:00,1438771
Oria Gruber,76802,1415864,2015-08-31 13:18:00,1415833
Oria Gruber,76802,1342571,2015-06-28 20:16:00,1342546
Oria Gruber,76802,1338964,2015-06-25 15:17:00,1338936
Oria Gruber,76802,1331992,2015-06-19 21:27:00,285585
Oria Gruber,76802,1181364,2015-03-08 21:15:00,1181356
Oria Gruber,76802,1181330,2015-03-08 20:46:00,1181311
Oria Gruber,76802,1181283,2015-03-08 20:19:00,1181271
Oria Gruber,76802,1163993,2015-02-24 22:39:00,1163982
Oria Gruber,76802,1132014,2015-02-03 15:39:00,1132000
Oria Gruber,76802,1129446,2015-02-01 20:12:00,1129437
Oria Gruber,76802,1113652,2015-01-21 15:40:00,1113643
Oria Gruber,76802,1061707,2014-12-11 00:34:00,1061357
Oria Gruber,76802,957802,2014-10-04 11:18:00,956920
Oria Gruber,76802,950153,2014-09-28 21:24:00,950142
Oria Gruber,76802,950126,2014-09-28 21:06:00,950103
Oria Gruber,76802,936409,2014-09-18 11:52:00,260656
Oria Gruber,76802,936402,2014-09-18 11:37:00,936391
Oria Gruber,76802,935639,2014-09-17 22:06:00,935629
Oria Gruber,76802,935458,2014-09-17 19:44:00,935405
Oria Gruber,76802,935398,2014-09-17 18:58:00,935346
Oria Gruber,76802,935226,2014-09-17 16:33:00,935210
Oria Gruber,76802,935187,2014-09-17 16:04:00,935181
Oria Gruber,76802,935169,2014-09-17 15:42:00,935161
Oria Gruber,76802,930124,2014-09-13 20:36:00,930105
Oria Gruber,76802,930063,2014-09-13 19:52:00,930044
Oria Gruber,76802,930028,2014-09-13 19:26:00,930007
Oria Gruber,76802,917896,2014-09-03 07:06:00,917891
Oria Gruber,76802,917888,2014-09-03 06:47:00,477
Oria Gruber,76802,867684,2014-07-15 06:45:00,867669
Oria Gruber,76802,867671,2014-07-15 06:19:00,867652
Oria Gruber,76802,866499,2014-07-14 01:55:00,866493
Oria Gruber,76802,864908,2014-07-12 07:00:00,864857
Oria Gruber,76802,860129,2014-07-08 14:12:00,860081
Oria Gruber,76802,859106,2014-07-07 15:00:00,859100
Oria Gruber,76802,859091,2014-07-07 14:50:00,859078
Oria Gruber,76802,859077,2014-07-07 14:39:00,859067
Oria Gruber,76802,859071,2014-07-07 14:31:00,858544
Oria Gruber,76802,859056,2014-07-07 14:20:00,859029
Oria Gruber,76802,859002,2014-07-07 13:43:00,858983
Oria Gruber,76802,858640,2014-07-07 05:14:00,858625
Oria Gruber,76802,858499,2014-07-07 01:40:00,858494
Oria Gruber,76802,845131,2014-06-23 21:50:00,844817
Oria Gruber,76802,844596,2014-06-23 12:28:00,844543
Oria Gruber,76802,838709,2014-06-18 17:37:00,838680
Oria Gruber,76802,793522,2014-05-13 18:28:00,793515
Oria Gruber,76802,784640,2014-05-07 06:38:00,784623
Oria Gruber,76802,773429,2014-04-28 22:32:00,773335
Oria Gruber,76802,766924,2014-04-24 04:26:00,766889
Oria Gruber,76802,765126,2014-04-22 22:17:00,764901
Oria Gruber,76802,762683,2014-04-21 06:51:00,762667
Oria Gruber,76802,762663,2014-04-21 06:20:00,762654
Oria Gruber,76802,762648,2014-04-21 06:00:00,762614
Oria Gruber,76802,760906,2014-04-19 20:11:00,760897
Oria Gruber,76802,760129,2014-04-19 06:25:00,760098
Oria Gruber,76802,755386,2014-04-15 21:16:00,755250
Oria Gruber,76802,742506,2014-04-06 18:47:00,741195
Oria Gruber,76802,741444,2014-04-05 22:52:00,741436
Oria Gruber,76802,741426,2014-04-05 22:28:00,741418
Oria Gruber,76802,741293,2014-04-05 20:24:00,741290
Oria Gruber,76802,741279,2014-04-05 20:14:00,741275
Oria Gruber,76802,740285,2014-04-05 02:21:00,740264
Oria Gruber,76802,740261,2014-04-05 01:56:00,740253
Oria Gruber,76802,731771,2014-03-29 21:31:00,731731
Oria Gruber,76802,730821,2014-03-29 01:07:00,730815
Oria Gruber,76802,717230,2014-03-18 20:28:00,716037
Oria Gruber,76802,704477,2014-03-08 19:14:00,704412
Oria Gruber,76802,701979,2014-03-06 17:38:00,701935
Oria Gruber,76802,663724,2014-02-04 20:06:00,663677
Oria Gruber,76802,640247,2014-01-16 09:02:00,639071
Oria Gruber,76802,639263,2014-01-15 13:55:00,639163
Oria Gruber,76802,632688,2014-01-09 15:48:00,632655
Oria Gruber,76802,623285,2013-12-31 14:27:00,623274
Oria Gruber,76802,618999,2013-12-26 18:39:00,618986
Oria Gruber,76802,610719,2013-12-17 18:13:00,610691
Oria Gruber,76802,598764,2013-12-08 21:53:00,598686
Oria Gruber,76802,579087,2013-11-24 11:20:00,579041
Oria Gruber,76802,577355,2013-11-22 16:49:00,577347
Oria Gruber,76802,553564,2013-11-05 23:15:00,553560
Oria Gruber,76802,553522,2013-11-05 22:40:00,553494
Oria Gruber,76802,553480,2013-11-05 22:09:00,553468
R_D,176136,4167672,2021-06-09 05:24:00,1410285
R_D,176136,4140993,2021-05-16 15:39:00,4137722
R_D,176136,2440247,2017-09-22 10:51:00,2440232
R_D,176136,2354477,2017-07-11 05:48:00,2352190
R_D,176136,2034741,2016-11-28 19:08:00,2033913
R_D,176136,2033112,2016-11-27 17:13:00,2033026
R_D,176136,2032721,2016-11-27 10:51:00,1934187
R_D,176136,2029806,2016-11-25 06:40:00,2028282
R_D,176136,2024298,2016-11-21 15:08:00,2024248
R_D,176136,1988804,2016-10-28 07:35:00,1988483
R_D,176136,1942326,2016-09-26 15:37:00,1942294
R_D,176136,1941917,2016-09-26 08:40:00,1941905
R_D,176136,1933902,2016-09-20 06:22:00,1929044
R_D,176136,1912801,2016-09-03 04:47:00,1912653
R_D,176136,1909841,2016-08-31 14:48:00,1909807
R_D,176136,1821203,2016-06-10 17:22:00,1821186
R_D,176136,1780433,2016-05-11 03:52:00,1780376
R_D,176136,1773589,2016-05-06 03:05:00,1773556
R_D,176136,1764085,2016-04-29 13:12:00,1763807
R_D,176136,1763771,2016-04-29 07:13:00,1762997
R_D,176136,1762408,2016-04-28 08:47:00,1762087
R_D,176136,1762258,2016-04-28 05:31:00,1762196
R_D,176136,1762129,2016-04-28 02:58:00,1762104
R_D,176136,1760506,2016-04-27 02:48:00,1760495
R_D,176136,1760466,2016-04-27 01:55:00,1760443
R_D,176136,1759822,2016-04-26 16:53:00,1759811
R_D,176136,1749255,2016-04-19 06:43:00,1748807
R_D,176136,1743296,2016-04-15 04:27:00,1737730
R_D,176136,1725523,2016-04-03 03:51:00,1725512
R_D,176136,1715495,2016-03-27 11:00:00,1715489
R_D,176136,1701230,2016-03-17 04:24:00,1701219
R_D,176136,1692613,2016-03-11 05:39:00,1692407
R_D,176136,1691554,2016-03-10 13:26:00,1690998
R_D,176136,1671936,2016-02-25 15:51:00,1671927
R_D,176136,1664084,2016-02-20 12:12:00,1581885
R_D,176136,1656600,2016-02-15 11:33:00,1656577
R_D,176136,1651534,2016-02-12 04:11:00,1651509
R_D,176136,1650543,2016-02-11 13:11:00,1650529
R_D,176136,1647121,2016-02-09 05:04:00,1647022
R_D,176136,1647082,2016-02-09 04:17:00,1647070
R_D,176136,1645463,2016-02-08 02:49:00,1643952
R_D,176136,1633254,2016-01-30 15:27:00,1632650
R_D,176136,1622448,2016-01-22 13:56:00,1620487
R_D,176136,1622202,2016-01-22 08:49:00,1622190
R_D,176136,1618133,2016-01-19 13:01:00,1617468
R_D,176136,1613098,2016-01-15 08:42:00,1613093
R_D,176136,1605659,2016-01-09 15:43:00,1604210
R_D,176136,1578284,2015-12-16 13:05:00,1423903
R_D,176136,1571867,2015-12-12 08:40:00,1571596
R_D,176136,1570935,2015-12-11 15:04:00,1570900
R_D,176136,1567536,2015-12-09 13:30:00,1567519
R_D,176136,1567219,2015-12-09 08:14:00,1567189
R_D,176136,1565921,2015-12-08 15:35:00,1564776
R_D,176136,1553251,2015-11-30 14:48:00,1553237
R_D,176136,1553054,2015-11-30 12:20:00,1552960
R_D,176136,1552772,2015-11-30 06:55:00,1552758
R_D,176136,1552757,2015-11-30 06:39:00,1552749
R_D,176136,1545569,2015-11-25 09:04:00,1545539
R_D,176136,1542291,2015-11-23 04:19:00,1542274
R_D,176136,1535178,2015-11-18 13:21:00,1535003
R_D,176136,1535153,2015-11-18 13:01:00,1535032
R_D,176136,1529887,2015-11-15 08:54:00,1529881
R_D,176136,1523844,2015-11-11 09:41:00,1523828
R_D,176136,1515604,2015-11-06 05:30:00,1515563
R_D,176136,1507947,2015-11-01 16:24:00,1507822
R_D,176136,1507670,2015-11-01 12:37:00,1507665
R_D,176136,1507309,2015-11-01 03:31:00,1507295
R_D,176136,1501977,2015-10-28 16:29:00,1501952
R_D,176136,1498556,2015-10-26 14:59:00,1498486
R_D,176136,1493892,2015-10-23 13:30:00,1487068
R_D,176136,1493572,2015-10-23 08:37:00,1493561
R_D,176136,1493275,2015-10-23 02:30:00,1493254
R_D,176136,1490341,2015-10-21 06:34:00,1490332
R_D,176136,1487111,2015-10-19 07:15:00,1487091
R_D,176136,1468288,2015-10-07 05:50:00,1468276
R_D,176136,1465051,2015-10-05 05:42:00,1465029
R_D,176136,1463597,2015-10-04 09:28:00,1463583
R_D,176136,1462303,2015-10-03 12:14:00,1462289
R_D,176136,1461978,2015-10-03 04:44:00,1461976
R_D,176136,1459962,2015-10-01 18:19:00,1459929
R_D,176136,1459719,2015-10-01 15:17:00,1459640
R_D,176136,1459548,2015-10-01 12:47:00,1459535
R_D,176136,1457662,2015-09-30 06:15:00,1457648
R_D,176136,1451920,2015-09-26 07:46:00,1451910
R_D,176136,1450467,2015-09-25 03:44:00,1450459
R_D,176136,1449351,2015-09-24 08:43:00,1449333
R_D,176136,1447555,2015-09-23 04:27:00,1447539
R_D,176136,1408783,2015-08-25 06:11:00,1407614
SN77,37814,192815,2012-09-08 16:17:00,192812
SN77,37814,191324,2012-09-05 09:05:00,191321
SN77,37814,191315,2012-09-05 08:41:00,191307
SN77,37814,190546,2012-09-03 16:56:00,190542
SN77,37814,186560,2012-08-25 01:40:00,183282
SN77,37814,183631,2012-08-17 13:33:00,183619
SN77,37814,183618,2012-08-17 13:10:00,183605
SN77,37814,182796,2012-08-15 12:40:00,182788
SN77,37814,182158,2012-08-13 18:04:00,182148
SN77,37814,182154,2012-08-13 17:55:00,182148
SN77,37814,182152,2012-08-13 17:47:00,182147
Takasima Senko,26726,257652,2012-12-13 03:56:00,254559
Takasima Senko,26726,120832,2012-03-16 07:30:00,119135
Terry,151843,1602122,2016-01-06 15:44:00,1602082
alkabary,96332,1408495,2015-08-24 22:26:00,1408486
alkabary,96332,1396939,2015-08-14 10:47:00,1396927
alkabary,96332,1395590,2015-08-13 10:05:00,1395586
alkabary,96332,1394970,2015-08-12 20:34:00,1394963
alkabary,96332,1393645,2015-08-11 21:02:00,1393634
alkabary,96332,1391805,2015-08-10 09:39:00,1391793
alkabary,96332,1391418,2015-08-10 00:17:00,1391411
alkabary,96332,1388562,2015-08-08 06:41:00,1388558
alkabary,96332,1388540,2015-08-08 06:01:00,1388536
alkabary,96332,1365388,2015-07-18 09:03:00,1365384
alkabary,96332,1357215,2015-07-11 07:52:00,1357195
alkabary,96332,1355470,2015-07-09 18:23:00,1355467
alkabary,96332,1355443,2015-07-09 17:58:00,1355437
alkabary,96332,1350778,2015-07-06 00:53:00,1350773
alkabary,96332,1350678,2015-07-05 22:38:00,1350672
alkabary,96332,1341361,2015-06-27 17:31:00,1341338
alkabary,96332,1340758,2015-06-27 00:23:00,1340738
alkabary,96332,1338248,2015-06-24 22:45:00,1338238
alkabary,96332,1338136,2015-06-24 20:51:00,1338128
alkabary,96332,1338114,2015-06-24 20:31:00,1338083
alkabary,96332,1335590,2015-06-22 23:39:00,1335582
alkabary,96332,1335290,2015-06-22 18:53:00,1335280
alkabary,96332,1335262,2015-06-22 18:31:00,1335253
alkabary,96332,1335241,2015-06-22 18:22:00,1335213
alkabary,96332,1327232,2015-06-16 08:22:00,1327118
alkabary,96332,1327218,2015-06-16 08:05:00,1327198
alkabary,96332,1326795,2015-06-15 22:10:00,1326791
alkabary,96332,1323494,2015-06-13 07:16:00,1323490
alkabary,96332,1322390,2015-06-12 07:57:00,1322387
alkabary,96332,1322049,2015-06-11 23:48:00,1322043
alkabary,96332,1322029,2015-06-11 23:25:00,1322015
alkabary,96332,1321705,2015-06-11 18:17:00,1321690
alkabary,96332,1321668,2015-06-11 17:51:00,1321623
alkabary,96332,1320946,2015-06-11 06:31:00,1320928
alkabary,96332,1320544,2015-06-10 21:51:00,1320535
alkabary,96332,1317449,2015-06-08 18:56:00,1317446
alkabary,96332,1317307,2015-06-08 16:45:00,1317253
alkabary,96332,1316840,2015-06-08 09:11:00,1316832
alkabary,96332,1316144,2015-06-07 19:48:00,1316134
alkabary,96332,1316099,2015-06-07 19:19:00,1316085
alkabary,96332,1315397,2015-06-07 07:32:00,1315343
alkabary,96332,1315387,2015-06-07 07:12:00,1315370
alkabary,96332,1314769,2015-06-06 17:33:00,1314763
alkabary,96332,1314243,2015-06-06 07:31:00,1314230
alkabary,96332,1314229,2015-06-06 07:17:00,1314219
alkabary,96332,1314126,2015-06-06 04:27:00,1314120
alkabary,96332,1313982,2015-06-06 01:07:00,1313977
alkabary,96332,1313947,2015-06-06 00:24:00,1313943
alkabary,96332,1313210,2015-06-05 11:50:00,1313131
alkabary,96332,1312173,2015-06-04 16:00:00,1312163
alkabary,96332,1311726,2015-06-04 09:10:00,1311718
alkabary,96332,1311496,2015-06-04 03:46:00,1311466
alkabary,96332,1310098,2015-06-03 02:00:00,1310093
alkabary,96332,1309899,2015-06-02 22:09:00,1309878
alkabary,96332,1309821,2015-06-02 20:56:00,1309781
alkabary,96332,1309716,2015-06-02 19:37:00,1309700
alkabary,96332,1309692,2015-06-02 19:19:00,1309679
alkabary,96332,1309666,2015-06-02 18:54:00,1309641
alkabary,96332,1309033,2015-06-02 09:41:00,1309018
alkabary,96332,1308937,2015-06-02 08:01:00,1308929
alkabary,96332,1308472,2015-06-01 22:22:00,1308463
alkabary,96332,1307261,2015-06-01 01:08:00,1307247
alkabary,96332,1306187,2015-05-31 06:18:00,1306181
alkabary,96332,1306044,2015-05-31 02:50:00,1306038
alkabary,96332,1303668,2015-05-29 07:38:00,1303650
alkabary,96332,1303521,2015-05-29 04:29:00,1303504
alkabary,96332,1303344,2015-05-29 01:11:00,1303327
alkabary,96332,1303303,2015-05-29 00:38:00,1303290
alkabary,96332,1301724,2015-05-27 22:22:00,1301708
alkabary,96332,1300642,2015-05-27 07:20:00,1300629
alkabary,96332,1300421,2015-05-27 02:11:00,1300409
alkabary,96332,1298522,2015-05-25 19:22:00,1298516
alkabary,96332,1298414,2015-05-25 18:02:00,1296803
alkabary,96332,1297707,2015-05-25 07:14:00,1297699
alkabary,96332,1297698,2015-05-25 07:00:00,1297690
alkabary,96332,1297523,2015-05-25 02:48:00,1297516
alkabary,96332,1297503,2015-05-25 02:22:00,1297490
alkabary,96332,1297124,2015-05-24 19:42:00,1297072
alkabary,96332,1294937,2015-05-23 03:28:00,1294912
alkabary,96332,1294922,2015-05-23 03:07:00,1294916
alkabary,96332,1293643,2015-05-22 02:49:00,1293628
alkabary,96332,1292119,2015-05-21 02:02:00,1292113
alkabary,96332,1292114,2015-05-21 01:57:00,1292072
alkabary,96332,1291504,2015-05-20 17:30:00,1291475
alkabary,96332,1290832,2015-05-20 09:20:00,1290793
alkabary,96332,1287470,2015-05-18 06:11:00,1287454
alkabary,96332,1285983,2015-05-17 07:49:00,1285965
alkabary,96332,1284197,2015-05-15 22:36:00,1284153
alkabary,96332,1276468,2015-05-11 01:08:00,1276335
alkabary,96332,1270990,2015-05-07 07:04:00,1270986
alkabary,96332,1270987,2015-05-07 06:58:00,1270974
alkabary,96332,1270964,2015-05-07 06:37:00,1270957
alkabary,96332,1270723,2015-05-07 01:33:00,1265821
alkabary,96332,1263452,2015-05-02 18:33:00,1262444
alkabary,96332,1261642,2015-05-02 07:14:00,1261618
alkabary,96332,1261623,2015-05-02 07:01:00,1261613
alkabary,96332,1261589,2015-05-02 06:19:00,1261045
alkabary,96332,1261531,2015-05-02 04:51:00,1261524
alkabary,96332,1261254,2015-05-01 22:10:00,1257891
alkabary,96332,1261243,2015-05-01 22:01:00,1260233
alkabary,96332,1260402,2015-05-01 10:05:00,1260191
alkabary,96332,1258817,2015-04-30 07:41:00,1258784
alkabary,96332,1258659,2015-04-30 04:17:00,1258632
alkabary,96332,1258473,2015-04-30 01:09:00,1258450
alkabary,96332,1258423,2015-04-30 00:22:00,1258402
alkabary,96332,1258338,2015-04-29 23:04:00,1258288
alkabary,96332,1257332,2015-04-29 10:27:00,1257206
alkabary,96332,1257220,2015-04-29 08:10:00,1257169
alkabary,96332,1256933,2015-04-29 02:06:00,1256915
alkabary,96332,1256499,2015-04-28 20:18:00,1256454
alkabary,96332,1255532,2015-04-28 07:28:00,1255499
alkabary,96332,1255433,2015-04-28 05:45:00,1255429
alkabary,96332,1255359,2015-04-28 04:28:00,1255348
alkabary,96332,1255264,2015-04-28 02:33:00,1255257
alkabary,96332,1255258,2015-04-28 02:26:00,1253664
alkabary,96332,1254106,2015-04-27 10:48:00,1254094
alkabary,96332,1254052,2015-04-27 09:51:00,1254043
alkabary,96332,1253702,2015-04-27 03:04:00,1253687
alkabary,96332,1253666,2015-04-27 02:12:00,1253365
alkabary,96332,1253659,2015-04-27 02:08:00,1219512
alkabary,96332,1252082,2015-04-26 02:00:00,1252073
alkabary,96332,1250808,2015-04-25 04:21:00,1249490
alkabary,96332,1250597,2015-04-24 23:44:00,1249423
alkabary,96332,1196689,2015-03-19 07:58:00,1196449
alkabary,96332,1196469,2015-03-19 03:25:00,1196210
alkabary,96332,1196450,2015-03-19 03:01:00,1196426
alkabary,96332,1068686,2014-12-15 04:25:00,1068661
andre1,225343,1231196,2015-04-12 10:47:00,1231122
gbox,103441,2647906,2018-02-12 20:27:00,2647868
gbox,103441,2646367,2018-02-11 20:13:00,2646087
gbox,103441,2635836,2018-02-04 18:04:00,2635740
gbox,103441,2619925,2018-01-24 23:35:00,2619673
gbox,103441,2619287,2018-01-24 15:53:00,2618608
gbox,103441,2561332,2017-12-11 09:20:00,2560922
gbox,103441,2355450,2017-07-11 22:12:00,2355186
gbox,103441,2328526,2017-06-19 14:30:00,2328205
gbox,103441,1425607,2015-09-07 17:31:00,1425586
gbox,103441,1424040,2015-09-06 11:22:00,1424021
jkn,37377,1261926,2015-05-02 13:09:00,1261851
jkn,37377,1240430,2015-04-18 14:20:00,1240415
jkn,37377,1240292,2015-04-18 12:22:00,1233764
jkn,37377,1240247,2015-04-18 11:24:00,1240239
jkn,37377,1240219,2015-04-18 10:55:00,1240109
jkn,37377,922796,2014-09-07 18:48:00,902296
jkn,37377,690369,2014-02-25 22:21:00,689947
jkn,37377,622638,2013-12-30 21:22:00,622552
jkn,37377,590127,2013-12-02 22:00:00,590035
jkn,37377,564590,2013-11-12 21:43:00,564476
jkn,37377,560275,2013-11-09 19:35:00,560260
jkn,37377,553303,2013-11-05 19:48:00,532123
jkn,37377,545554,2013-10-30 13:26:00,545466
jkn,37377,545460,2013-10-30 11:49:00,545445
jkn,37377,540291,2013-10-26 13:07:00,540248
jkn,37377,536934,2013-10-23 13:09:00,536910
jkn,37377,536812,2013-10-23 10:19:00,536807
jkn,37377,536794,2013-10-23 09:49:00,536764
jkn,37377,536218,2013-10-22 21:49:00,536211
jkn,37377,536056,2013-10-22 19:20:00,536030
jkn,37377,535853,2013-10-22 17:06:00,535825
jkn,37377,513908,2013-10-03 21:32:00,513887
jkn,37377,512365,2013-10-02 16:52:00,511834
jkn,37377,503109,2013-09-24 02:27:00,503082
jkn,37377,501490,2013-09-22 18:16:00,501457
jkn,37377,501474,2013-09-22 18:03:00,501468
jkn,37377,498827,2013-09-19 18:01:00,498772
jkn,37377,491647,2013-09-12 12:54:00,491633
jkn,37377,490858,2013-09-11 18:59:00,490394
jkn,37377,485027,2013-09-05 17:06:00,484999
jkn,37377,465845,2013-08-12 14:26:00,465626
jkn,37377,465784,2013-08-12 13:15:00,465753
jkn,37377,462965,2013-08-08 17:08:00,462949
jkn,37377,462684,2013-08-08 11:48:00,462666
jkn,37377,461272,2013-08-06 17:39:00,461259
jkn,37377,461026,2013-08-06 11:38:00,461000
jkn,37377,456635,2013-07-31 18:56:00,456490
jkn,37377,455654,2013-07-30 14:11:00,455642
jkn,37377,455209,2013-07-29 22:21:00,455203
jkn,37377,455130,2013-07-29 20:12:00,455103
jkn,37377,453011,2013-07-26 19:41:00,452182
jkn,37377,436251,2013-07-04 17:22:00,435950
jkn,37377,434535,2013-07-02 14:29:00,428422
jkn,37377,427093,2013-06-22 19:01:00,427081
jkn,37377,418358,2013-06-12 12:37:00,418333
jkn,37377,408312,2013-06-01 09:01:00,408307
jkn,37377,407177,2013-05-30 22:06:00,407149
jkn,37377,403723,2013-05-27 11:05:00,403720
jkn,37377,395024,2013-05-17 22:46:00,394957
jkn,37377,394614,2013-05-17 15:37:00,394593
jkn,37377,393887,2013-05-16 20:02:00,393883
jkn,37377,393842,2013-05-16 19:10:00,393794
jkn,37377,391636,2013-05-14 17:33:00,391600
jkn,37377,390820,2013-05-13 22:47:00,390818
jkn,37377,390799,2013-05-13 22:15:00,390796
jkn,37377,390656,2013-05-13 18:55:00,390651
jkn,37377,390484,2013-05-13 15:21:00,390270
jkn,37377,388394,2013-05-11 11:53:00,388360
jkn,37377,387940,2013-05-10 20:59:00,387935
jkn,37377,387395,2013-05-10 09:16:00,386674
jkn,37377,386975,2013-05-09 20:51:00,386967
jkn,37377,386968,2013-05-09 20:47:00,386963
jkn,37377,384772,2013-05-07 19:07:00,384761
jkn,37377,384715,2013-05-07 18:13:00,384701
jkn,37377,384698,2013-05-07 17:56:00,383836
jkn,37377,384653,2013-05-07 17:06:00,384354
jkn,37377,384598,2013-05-07 15:57:00,384581
jkn,37377,384566,2013-05-07 15:32:00,384534
jkn,37377,384340,2013-05-07 10:24:00,381600
jkn,37377,383113,2013-05-06 10:04:00,382539
jkn,37377,382354,2013-05-05 17:23:00,382273
jkn,37377,381121,2013-05-04 12:04:00,381049
jkn,37377,372510,2013-04-25 14:51:00,372437
jkn,37377,367559,2013-04-20 18:40:00,367551
jkn,37377,367538,2013-04-20 18:13:00,367513
jkn,37377,367515,2013-04-20 17:41:00,367193
jkn,37377,366321,2013-04-19 10:20:00,366320
jkn,37377,358733,2013-04-11 20:20:00,356163
jkn,37377,349257,2013-04-02 17:00:00,349217
jkn,37377,344625,2013-03-28 11:03:00,344612
jkn,37377,343917,2013-03-27 16:50:00,343880
jkn,37377,330202,2013-03-14 10:42:00,329863
jkn,37377,327594,2013-03-11 16:59:00,327330
jkn,37377,324950,2013-03-08 19:35:00,312492
jkn,37377,324836,2013-03-08 17:00:00,322782
jkn,37377,324675,2013-03-08 13:05:00,323403
jkn,37377,322598,2013-03-06 14:26:00,319302
jkn,37377,321589,2013-03-05 16:43:00,320734
jkn,37377,231429,2012-11-06 16:11:00,225399
jkn,37377,186721,2012-08-25 11:46:00,186715
jkn,37377,186541,2012-08-25 00:36:00,185564
jkn,37377,182653,2012-08-15 00:10:00,182479
jkn,37377,179728,2012-08-07 01:11:00,179146
jkn,37377,179621,2012-08-06 19:56:00,179604
joshua,35668,172452,2012-07-18 15:39:00,172004
maxematician,27140,4476381,2022-06-20 06:04:00,4474930
maxematician,27140,4463561,2022-06-01 18:52:00,4463080
maxematician,27140,4401959,2022-03-12 23:15:00,4401363
maxematician,27140,1523389,2015-11-11 00:55:00,1522247
maxematician,27140,1492052,2015-10-22 08:27:00,1491999
maxematician,27140,205818,2012-10-02 04:41:00,205798
maxematician,27140,121659,2012-03-18 09:56:00,120243
michek,125821,776811,2014-05-01 09:13:00,485659
michek,125821,663494,2014-02-04 16:21:00,663487
michek,125821,663433,2014-02-04 15:36:00,663424
michek,125821,663333,2014-02-04 14:14:00,663230
michek,125821,663213,2014-02-04 12:00:00,662963
michek,125821,663198,2014-02-04 11:31:00,663165
michek,125821,663196,2014-02-04 11:27:00,97648
nomadicmathematician,135204,4871108,2024-02-26 19:57:00,4746822
nomadicmathematician,135204,4870952,2024-02-26 15:41:00,4480570
nomadicmathematician,135204,4861311,2024-02-12 00:40:00,4102366
nomadicmathematician,135204,4843204,2024-01-12 05:40:00,4843178
nomadicmathematician,135204,4839230,2024-01-05 13:59:00,4833212
nomadicmathematician,135204,4373164,2022-02-03 15:41:00,4372654
nomadicmathematician,135204,3616616,2020-04-09 01:45:00,3616462
nomadicmathematician,135204,3603715,2020-03-31 17:41:00,3602173
nomadicmathematician,135204,3591453,2020-03-23 11:35:00,3591385
nomadicmathematician,135204,3555841,2020-02-22 08:16:00,358093
nomadicmathematician,135204,3516226,2020-01-20 18:03:00,3516159
nomadicmathematician,135204,2345139,2017-07-03 15:08:00,2345100
nomadicmathematician,135204,2345133,2017-07-03 15:04:00,2345127
nomadicmathematician,135204,2326876,2017-06-18 03:21:00,2326870
nomadicmathematician,135204,1958609,2016-10-07 22:17:00,754017
nomadicmathematician,135204,1958575,2016-10-07 21:43:00,1799151
nomadicmathematician,135204,1715687,2016-03-27 14:04:00,1715615
nomadicmathematician,135204,1458004,2015-09-30 12:52:00,1455916
nomadicmathematician,135204,1441900,2015-09-19 07:57:00,1441888
nomadicmathematician,135204,1441848,2015-09-19 06:33:00,1441847
nomadicmathematician,135204,1401841,2015-08-18 18:43:00,1401809
ray,29680,178398,2012-08-03 13:31:00,15521
shinzou,146115,1645888,2016-02-08 12:14:00,1645842
shinzou,146115,1289718,2015-05-19 15:44:00,1289694
shinzou,146115,1136988,2015-02-06 21:05:00,1136973
shinzou,146115,1127680,2015-01-31 13:33:00,627966
shinzou,146115,1107725,2015-01-17 12:07:00,1107699
user103816,103816,1370034,2015-07-22 13:42:00,1369974
user103816,103816,1341324,2015-06-27 16:57:00,1341175
user103816,103816,1336043,2015-06-23 10:29:00,1330264
user103816,103816,1309266,2015-06-02 13:58:00,1160750
user103816,103816,1305352,2015-05-30 14:42:00,44836
user103816,103816,1158945,2015-02-21 15:41:00,1157554
user103816,103816,1080634,2014-12-25 14:57:00,531378
user103816,103816,1053249,2014-12-05 17:33:00,1053156
user103816,103816,1008488,2014-11-06 04:32:00,1008487
user103816,103816,819064,2014-06-03 10:40:00,819047
user103816,103816,815027,2014-05-30 15:29:00,815000
user103816,103816,802783,2014-05-20 12:09:00,802766
user103816,103816,774188,2014-04-29 13:19:00,774145
user103816,103816,773919,2014-04-29 07:18:00,773916
user103816,103816,773912,2014-04-29 07:12:00,773902
user103816,103816,773876,2014-04-29 06:28:00,773871
user103816,103816,772793,2014-04-28 13:46:00,772782
user103816,103816,771176,2014-04-27 10:31:00,771170
user103816,103816,770948,2014-04-27 05:07:00,770934
user103816,103816,770246,2014-04-26 16:51:00,770232
user103816,103816,768566,2014-04-25 09:29:00,768542
user103816,103816,765986,2014-04-23 14:17:00,765969
user103816,103816,765916,2014-04-23 13:22:00,764631
user103816,103816,761626,2014-04-20 11:30:00,761616
user103816,103816,760543,2014-04-19 15:11:00,760526
user103816,103816,760493,2014-04-19 14:36:00,760463
user103816,103816,760344,2014-04-19 12:14:00,760299
user103816,103816,759419,2014-04-18 16:56:00,759373
user103816,103816,759215,2014-04-18 14:12:00,759192
user103816,103816,741848,2014-04-06 08:26:00,741753
user103816,103816,741025,2014-04-05 16:37:00,741009
user103816,103816,740652,2014-04-05 10:43:00,740619
user103816,103816,740626,2014-04-05 10:22:00,740618
user103816,103816,733773,2014-03-31 11:55:00,733747
user103816,103816,732381,2014-03-30 11:43:00,732372
user103816,103816,714415,2014-03-16 16:43:00,714378
user103816,103816,703053,2014-03-07 14:33:00,703001
user103816,103816,680693,2014-02-18 10:14:00,680684
user2850514,117438,1768242,2016-05-02 13:54:00,1768152
user2850514,117438,1765339,2016-04-30 12:51:00,1761453
user2850514,117438,1749488,2016-04-19 11:20:00,1749437
user2850514,117438,1734664,2016-04-09 14:06:00,1729456
user2850514,117438,1656727,2016-02-15 14:14:00,1656716
user2850514,117438,1535695,2015-11-18 19:42:00,1535689
user2850514,117438,1240856,2015-04-18 19:44:00,1240838
user2850514,117438,1095949,2015-01-08 00:53:00,1095946
user2850514,117438,1093414,2015-01-06 19:18:00,1093315
user2850514,117438,1088001,2015-01-02 00:21:00,1087979
user2850514,117438,1083794,2014-12-28 19:46:00,1083780
user2850514,117438,810298,2014-05-26 18:27:00,810289
user2850514,117438,808860,2014-05-25 14:23:00,808851
user2850514,117438,781293,2014-05-04 20:04:00,781291
user2850514,117438,776340,2014-04-30 23:10:00,776327
user2850514,117438,776175,2014-04-30 20:34:00,776163
user2850514,117438,776095,2014-04-30 19:35:00,776085
user2850514,117438,775679,2014-04-30 13:43:00,775665
user2850514,117438,775077,2014-04-30 01:47:00,775073
user2850514,117438,774797,2014-04-29 21:17:00,774793
user2850514,117438,771432,2014-04-27 14:51:00,771425
user2850514,117438,768847,2014-04-25 14:13:00,768834
user2850514,117438,767546,2014-04-24 16:20:00,767531
xsr,238869,1609524,2016-01-12 16:23:00,1609382
xsr,238869,1514037,2015-11-05 05:58:00,1513947
